ITEM;UNIDAD MINERA;FECHA;FLASH REPORT;INVESTIGACIÓN;SAC/SAP;ANEXO 05;CLASIFICACIÓN;REAL;POTENCIAL;DESCRIPCIÓN
1;RAURA;21/01/2014;NO;SÍ;SÍ;SÍ;EAP;3;6;Un camión que retornaba a la operación, luego de recoger los residuos domésticos de dos comunidades - en una vía  pública-, el chofer se queda dormido y pierde el control y colisiona contra una pared de roca adyacente a la vía, en el camión viajaban el chofer y dos ayudantes. Las tres personas sufrieron lesiones leves pero el chofer quedó atrapado en el interior de la cabina, los pasajeros fugaron del área del accidente. El chofer al pasar el test de alcohol dio positivo.
2;RAURA;6/02/2014;SÍ;NO;SÍ;SÍ;EAP;4;6;Camion volquete se sale de la via y cae dando vueltas de campana cerca de 40 m. Llevaba un acompañante.
3;RAURA;8/02/2014;SÍ;NO;SÍ;SÍ;EAP;5;6;Se desprende banco de roca de la parte alta del hastial izquierdo e impactó a 2 trabajadores. Se tiene un fatal.
4;RAURA;7/03/2014;NO;SÍ;NO;SÍ;EAP;1;6;A 4 Km de llegar a la garita de control de acceso SANTA ROSA, chofer pierde control de vehículo, se sale de la vía por el lado derecho y cae a un talud de 15 m dando 2 vueltas de campana.
5;RAURA;17/03/2014;NO;SÍ;NO;SÍ;EAP;0;6;Se rompe el cable de acero que remolcaba ascendentemente a un scooptram, el cual retrocede sin control aprox. 15 mts en circunstancias que un vehículo de transporte de personal, que llevabaa 24 personas, se encontraba ascendiendo a unos 60 mts del punto de ruptura del cable. Los equipos no llegaron a colisionar
6;RAURA;29/03/2014;SÍ;NO;NO;SÍ;EAP;1;5;Camioneta contratista colisionó contra una moto lineal que transitaba en sentido contrario e invadía el carril contrario.  Al momento del accidente el chofer de la moto lineal estaba bajo la influencia del alcohol.
7;RAURA;19/04/2014;NO;SÍ;NO;SÍ;EAP;1;6;El Camioncito de Micong No.8 al término de la guardia sale por la bocamina Catuva a Raurapata, trasladando al personal de Zona I, 21 trabajadores y al supervisor. Delante de este camioncito se desplazaba el camioncito de Explomin. A la altura del Comedor Santa Rosa el camioncito de Explomin  realiza las señales para voltear abriéndose hacia la izquierda. El camioncito de Micong  cruza intempestivamente rozando el espejo derecho del camioncito de Explomin.
8;RAURA;22/04/2014;NO;SÍ;NO;SÍ;EAP;0;5;Dos trabajadores fueron detectados por la Supervisión de Raura trabajando sobre el techo de un almacén (6 m de altura) sin estar anclados a un punto de retención de caída.
9;RAURA;7/05/2014;SÍ;NO;SÍ;NO;EAP;4;5;En circunstancias en que un trabajador electricista al momento de estar parado a una altura de 3.5 m (intentando iniciar un trabajo eléctrico) sobre una escalera portátil de aluminio, la escalera se resbaló y el trabajador cayó al piso. Al momento del accidente el trabajador contaba con su arnés y 2 líneas de vida pero no se había anclado.
10;RAURA;5/06/2014;SÍ;NO;SÍ;NO;EAP;1;5;En circunstancias que el personal de la cocina preparaba la alimentación se produjo subitamente un fuego descontrolado sobre la cocina industrial.
11;RAURA;14/06/2014;SÍ;NO;NO;NO;EAP;2;5;Cuando un ayudante verificaba el frente de carguío, de la parte superior de la corona de una altura de 3.20 m se desprendió un fragmento de roca de 15 cmx5cmx5cm (aprox. 1 Kg)  que  impacto en el casco del trabajador.
12;RAURA;16/06/2014;NO;NO;SÍ;NO;EAP;3;5;Operador de la estación de bombeo,  al llegar a su área de trabajo encontró que las bombas, motores y tableros  eléctricos de la estación de bombeo de Catuva estaban completamente cubiertos de agua, procediendo de inmediato a desenergizar los equipos.
13;RAURA;23/06/2014;NO;SÍ;NO;SÍ;EAP;0;6;una camioneta -con el motor apagado- se desplazó sin control cuando el trabajador que estaba  en el asiento del copiloto, en forma accidental desengacho el freno de mano. Con el vehiculo en movimiento los cuatro pasajeros abandonaron el vehiculo, una persona que transitaba en el área decidió subir a la camioneta en movimiento, logrando controlar y detener la camioneta.
14;RAURA;13/07/2014;SÍ;NO;NO;SÍ;EAP;0;6;Chofer de camión deja estacionado un camión en la rampa sin colocar cuñas ni el cono de seguridad. Esto en instancias que en la misma rampa se encontraba estacionada una camioneta.
15;RAURA;24/07/2014;SÍ;NO;NO;SÍ;EAP;1;5;Cuando 3 trabajadores instalaban una cimbra cayeron 2 elementos de la cimbra (estructura metálica con longitud 4.5 m y peso de 108 kg), los cuales impactaron sobre la plataforma/andamio donde se encontraba el maestro cimbrero.
16;RAURA;1/08/2014;NO;SÍ;NO;SÍ;EAP;1;5;Cuando un trabajador intentaba desatorar un conducto de bolas de acero (2” de diametro y 0.6 Kg de peso) en una plataforma, una bola ingresa a la  plataforma y se desiza por la parte exterior del conducto, esta bola le impacta su casco produciendole una herida en la ceja derecha.
17;RAURA;13/08/2014;SÍ;NO;SÍ;NO;EAP;0;6;En circunstancias que un camión de una empresa transportistas contratado para recoger la chatarra (metales en desuso)  arribo procedente de Lima a la Garita de Control Santa Rosa, el chofer y el pasajero (comprador de chatarra) fueron sometidos a la prueba de alcohol, dando positivo el conductor del camión.
18;RAURA;23/08/2014;NO;SÍ;SÍ;NO;EAP;3;5;El ayudante de Jumbero retiraba la barra de perforación de 8 pies, cuando repentinamente y sin previa coordinación el jumbero acciona la máquina perforadora, al avanzar el eje de retorno automático golpea el antebrazo derecho del ayudante contra la base del centralizador posterior, ocasionandole una lesión en el antebrazo.
19;RAURA;2/09/2014;NO;SÍ;NO;SÍ;EAP;3;5;En circunstancias que el operador de jumbo procede a recoger las gatas hidráulicas para mover el jumbo, aprisiona el talón del pie izquierdo del Técinico Mecánico entre la gata y el chasis del jumbo. El tecnico se encontraba inspeccionando el equipo parado sobre el chasis.
20;RAURA;8/09/2014;NO;SÍ;SÍ;NO;EAP;1;5;En circunstancias que un camión cisterna retrocedia (cargado de agua, que presta servicio de regado de agua de la via publica en la zona de Quichas)  en la via de acceso a la zona de la toma de agua, el vehículo ingreso a un desnivel del suelo, perdió el equilibrio  y se volteo.
21;RAURA;12/09/2014;NO;SÍ;SÍ;NO;EAP;2;5;"Cuando el camión (Tracto B5K-945; Tolva B5S-990) de una empresa transportista de concentrado levantaba la tolva para descargar el concentrado de mineral procedente de Raura, el pistón de accionamiento de la tolva  sufre una rotura y como consecuencia de ello parte del pistón terminó atravesando la parte superior de protector de la cabina del camión. Al momento del accidente el conductor se encontraba solo en la cabina y no sufrió lesiones, en el área adyacente del camion no había otras personas.  "
22;RAURA;15/09/2014;NO;SÍ;SÍ;NO;EAP;3;5;Un camión que transportaba concentrado de mineral de la Unidad Minera de Raura con destino a los almacenes del Callao, sufrio un accidente de transito a la altura de Churin, cuando  el chofer perdió el control de camión, el camión se salio de via por el lado derecho y colisiono contra un talud del cerro.
23;RAURA;22/09/2014;SÍ;NO;SÍ;NO;EAP;1;5;En una vía publica no asfaltada un camión de una empresa transportistas cargado de concentrado de zinc del convoy de camiones de transporte de concentrado de la UM Raura a la planta del Callao impacto contra el talud del cerro ubicado al lado izquierdo de la via haciendo que una roca  ( 2.0 m x 1.5 m x 1.0 m) se desprenda, la cual impacto contra la parte superior de la tolva, el evento  ocurrió cuando el camión sobrepasaba por el lado izquierdo a un vehículo particular que se había detenido en la via invadiendo el carril del camión. 
24;RAURA;9/10/2014;NO;SÍ;SÍ;NO;EAP;3;5;En circunstancias que un camión volquete de una empresa transportista procedía a descargar el concentrado de mineral procedente de Raura, al levantar la tolva del camión, el pistón de accionamiento de la tolva sufre una rotura y como consecuencia de ello la tolva se voltea hacia el lado derecho del vehículo.
25;RAURA;14/10/2014;NO;SÍ;SÍ;NO;EAP;2;5;Cuando un  camión volquete de una empresa contratista del área de proyectos  cargado de material de lastre transitaba desde la cantera Jimena en dirección a Raura Nueva por la vía pública Raura-Huánuco sufrio la perdida de la rueda delantera derecha ello debido a la rotura del eje muñón delantero del lado derecho. 
26;RAURA;7/11/2014;NO;SÍ;SÍ;NO;EAP;2;6;En circunstancias que un camión volquete que transportaba concentrado de Raura al Callao, sufre la perdida de dos (2) de sus neumáticos, correspondientes a la posición N° 19 y 20, ocasionando que una de ellas impacte a un bus interprovincial de pasajeros, el cual circulaba en el mismo sentido por la parte posterior del camion.
27;RAURA;12/11/2014;NO;SÍ;SÍ;NO;EAP;0;6;Desde la parte alta del cerro de unos 220 metros de distancia aproximadamente sobre la carretera, se desprende bloques de roca con diversas dimensiones 1.2x0.8x0.5 m y 1.0x1.0x1.0 m deslizándose y cayendo en dos tramos de la carretera y algunos llegando a la altura de la laguna.
28;RAURA;24/11/2014;NO;SÍ;SÍ;NO;EAP;1;5;En circunstancias que una excavadera de orugas de una empresa  contratista asignada al área de Proyectos transitaba en un frente de trabajo, el brazo de la excavadera impacto contra dos cables electricos  aéreos que estaban energizados  con 440 V, a consecuencia de ello  los cables se rompieron y cayeron al suelo
29;RAURA;25/11/2014;NO;SÍ;SÍ;NO;EAP;0;6;En circunstancias que el personal del puesto de control de Chuquiquintay (altura de Sayan) efectuaba el control de alcohol a los conductores de los camiones de servicio de transporte de concentrado, tres conductores que había arribado con camiones vacios procedente de Lima con rumbo a Raura salieron positivo en la prueba de alcohol. 
30;RAURA;26/11/2014;NO;SÍ;SÍ;NO;EAP;2;5;Dos trabajadores de una empresa contratista descendieron de la cabina de un vehículos y se dirigieron a abrir la puerta posterior del camión, el camión se desplazo y la puerta del camión impacto a uno de los trabajadores y lo golpeo contra el pared rocosa (hastial) del interior de la mina.
31;RAURA;1/12/2014;NO;SÍ;SÍ;NO;EAP;0;5;Un rodillo compactador motorizado de una empresa contratista que estaba trabajando sobre la plataforma de recrecimiento del dique, al momento que el operador retrocede el equipo, este sobresale de la plataforma y queda inclinado al borde del talud/abismo. 
32;RAURA;5/12/2014;SÍ;NO;SÍ;NO;EAP;0;6;En circunstancias que un camión de un subcontratista arribo a la garita de control de la unidad minera transportando balones de gas propano para la cocina, durante el proceso de control de aliento alcohólico en el acceso por parte del personal de seguridad patrimonial, las pruebas de alcohol dieron positivo para el conductor del camión y su ayudante. 
33;RAURA;12/12/2014;SÍ;NO;SÍ;NO;EAP;0;5;En circunstancias que el personal de seguridad patrimonial efectuaba una ronda en el area adyacente a la garita de control de la unidad minera detectaron  accesorios de voladura (material explosivos) abandonados debajo de una excavadora.
34;RAURA;13/12/2014;NO;NO;SÍ;NO;EAP;1;5;En circunstancias que un camión de una empresa contratista  transportaba explosivos en el interior de la mina, el chofer del camión al efectuar una maniobra en retroceso impacta contra el hastial derecho produciendo la abolladura de la tolva del camión.
35;RAURA;13/12/2014;SÍ;NO;SÍ;NO;EAP;0;5;En circunstancias que una empresa contratista intento liberar la cabeza rimadora (7 ” de diámetro) atrapada en la base de concreto, se hizo un blasteo (voladura menor con cartuchos de dinamita), a consecuencia de ello,  fallan los soportes  de madera de la cabeza rimadora y esta cae 100 m por la abertura del RB.
36;RAURA;8/01/2015;NO;SÍ;SÍ;NO;EAP;2;6;En circunstancia que una camioneta transitaba por la vía pública Raura- Oyon a 1.7 Km de la garita Santa Rosa con dirección a Oyon al ingresar a una curva impacta la parte delantera lado izquierdo con la carrocería del camioncito de la ECM  Micong que circulaba en sentido contrario por el centro de la vía.
37;RAURA;13/01/2015;NO;SÍ;SÍ;NO;EAP;6;6;En circunstancias que la  camioneta de Constructura Meneses se sale de la vía al intentar evitar la colisión contra un vehículo particular y cayó a una pendiente, rodando aprox. 110 m. lo que ocasionó el fallecimiento del chofer y dos pasajeros.
38;RAURA;2/02/2015;NO;SÍ;SÍ;NO;EAP;4;5;En circunstancias que el asistente del operador del equipo Raise Boring (RB) limpiaba la cabeza rimadora (empleando una barretilla de 4 pies de longitud),  de la corona se desprende un fragmento de roca de dimensiones 10cmx5cmx5cm (aprox. 500 gr) la cual impacta en el lado izquierdo del casco del trabajador. El fragmento de roca cayó de una altura aprox.  2.0 mts.
39;RAURA;28/02/2015;NO;SÍ;SÍ;NO;EAP;4;5;En circunstancias que un trabajador apoyaba a su Supervisor a cargar un frente para el posterior disparo, sufrió una lesión en la pierna izquierda debido a una súbita caída de rocas.
40;RAURA;3/03/2015;SÍ;NO;SÍ;NO;EAP;4;6;Un bus del servicio de transporte de personal que se encontraba detenido en la via publica próxima al poblado de Churin debido a un derrumbe que obstaculizaba la via, fue impactado en el lado lateral derecho por un pedazo de roca, la cual ingreso al bus lesionando a un pasajero (trabajador de una empresa contratista). 
41;RAURA;15/04/2015;SÍ;NO;SÍ;NO;EAP;1;6;Una camioneta pick up doble cabina se dirigía de mina Raura hacia Lima, al encontrarse en la via pública asfaltada, la camioneta  impacta en la parte posterior a otra  camioneta de la empresa SVS.
42;RAURA;21/04/2015;NO;SÍ;SÍ;NO;EAP;1;5;A la altura del km 60 había dos buses estacionados al lado izquierdo de la vía, intempestivamente salió un niño de 7 años de edad entre los buses queriendo cruzar la pista entre los camiones 5 y 6, al ver al niño el operador del camión No. 6 del convoy (formado por 9 unidades)  freno bruscamente pero no pudo evitar el impacto con el menor alcanzándolo con el lado izquierdo del para choque y haciéndolo caer a 1 metro de distancia aproximadamente.
43;RAURA;12/05/2015;NO;SÍ;SÍ;NO;EAP;0;6;Se encontró a un perforista y su ayudante -ambos trabajadores de la empresa AESA- efectuando trabajos de perforación en un macizo rocoso con un equipo Jumbo muy cerca a un cartucho de dinamita en un taco (tiro fallado) en la roca que había sido disparada en la voladura del turno anterior.
44;RAURA;21/05/2015;NO;SÍ;SÍ;NO;EAP;0;6;Se produjo el desprendimiento de una roca (1.0 m x 0.8 m x 0.5 m de aprox. 100 kilos) desde la parte superior de un talud, cayendo desde una altura de 10 m e impactando  sobre la carretera
45;RAURA;22/05/2015;NO;SÍ;SÍ;NO;EAP;4;6;Se produjo la colision entre una camioneta alquilada por CMR y una moto lineal que viajaba en dirección contraria a la camioneta, ambos vehículos se encontraron en una curva y colisionaron lateralmente, a consecuencia de ello, el conductor de la moto lineal cayo sobre la carretera y sufrio lesiones en la pierna derecha.
46;RAURA;30/05/2015;SÍ;NO;SÍ;NO;EAP;0;6;Tres trabajadores del turno dia -del área de mantenimiento de una empresa subcontratistas (Ferreyros)- no habían registrado su salida del interior de la mina subterránea, ello a pesar de haberse ordenado la evacuación de la mina a las 18:00 horas por la  voladura programada. 
47;RAURA;24/06/2015;SÍ;NO;SÍ;NO;EAP;3;6;Una camioneta 4x4 doble cabina que se dirigía de Churin a la unidad minera Raura impacta contra una roca en el lado derecho de la via, se sube sobre una roca y se voltea quedando el vehículo recostado sobre el lado izquierdo en la via.
48;RAURA;29/06/2015;NO;SÍ;SÍ;NO;EAP;5;6;Cuando una cuadrilla de trabajadores terminaba de llenar las herramientas de gestion de seguridad a fin de iniciar la actividad de lanzado de shotcrete  súbitamente se desprendio la corona cayendo un bloque de roca -en forma de cuña. A consecuencia de dicho evento se produjo la lamentable muerte de un trabajador.
49;RAURA;28/07/2015;SÍ;NO;SÍ;NO;EAP;1;5;Dos trabajadores de empresas contratistas fueron lesionados durante los trabajos de empalme por termofusion de una tubería de HDPE de 11” de diámetro, la misma que se deslizo sin control durante dicho trabajo
50;RAURA;20/08/2015;SÍ;NO;SÍ;NO;EAP;1;6;En circunstancia que una camioneta de una empresa contratistas transitaba en la via Quichas – Mina al ingresar a una curva invade el carril contrario y colisiona con un vehiculo particular que transitaba en sentido opuesto
51;RAURA;10/09/2015;SÍ;NO;SÍ;NO;EAP;3;5;Una camioneta conducido por un chofer de AESA que retornaba de Cerro de Pasco hacia la Unidad Minera, en el trayecto que se desplazaba por la carretera nacional Oyón - Raura (a la altura del kilómetro 17) el conductor se despista y cae a pendiente dando vueltas de campana deteniéndose a 15 metros por debajo de la carretera. 
52;RAURA;16/09/2015;SÍ;NO;SÍ;NO;EAP;0;6;"En circunstancias que realizaban desate de rocas en el turno día del 16 de 09 identifican un tiro cortado en la corona, la misma que es recargada y disparada a media guardia, después de ello bloquean la labor y reportan al turno noche; en el turno noche los maestros perforistas y jefe de guardia ingresan a la labor, identifican peligros y no evidencian la presencia del tiro cortado reportado por el turno día debido a ello inician el desate y sostenimiento de la labor, posterior a ello ingresa el jumbo y perfora taladros en el frente que es disparado a final de guardia; en el turno día del 17 de 09 ingresan, riegan y durante el desate se desprende un banco de la corona y se visualiza el tiro cortado. "
53;RAURA;1/10/2015;SÍ;NO;SÍ;NO;EAP;3;5;En circunstancias en que el operador de scoop eléctrico estaba posicionado sobre los elementos de la parrilla con el fin de empujar un bloque de roca, al realizar el esfuerzo el pie derecho resbala y pierde el equilibrio, cayendo hacia el fondo del OP (ore pass) de 6.5 m de profundidad sufriendo varias contusiones. 
54;RAURA;11/10/2015;SÍ;NO;SÍ;NO;EAP;0;6;"En circunstancias en que el personal del turno noche ingresó al tajo 821 e inspeccionó la voladura de la guardia anterior, observó que el disparo anterior se había cortado en el puente del segundo grupo de taladros cargados (55 exceles no iniciados) con amarre de pentacord; el personal de la guardia del turno dia había realizado el carguío y la voladura de 150 taladros, realizando el amarre en dos grupos de salida con un solo puente."
55;RAURA;11/10/2015;SÍ;NO;SÍ;NO;EAP;0;6;"En circunstancias en que dos trabajadores llegaron a las labores GAL 830 NA y VE 830 NA (aprox. 9:30 pm) para iniciar sus actividades habituales, observaron el frente cargado y amarrado con explosivos; sólo habia detonado el fulminante del carmex, el pentacord no se inició, ocasionando el cortado de ambos frentes."
56;RAURA;14/10/2015;SÍ;NO;SÍ;NO;EAP;0;5;En circunstancias que el vehículo de la empresa Estrella Polar, quien trasladaba a la supervisión de Compañía Minera Raura S.A. desde la Unidad Minera hacia la ciudad de Lima, en la ruta Churín - Sayan, la van invade el carril contrario obligando al  vehículo que venía en sentido contrario a accionar el claxon, por lo que la van retornó a su carril. 
57;RAURA;12/11/2015;SÍ;NO;SÍ;NO;EAP;0;6;En circunstancias en que una poza de bombeo se encontraba lleno de lodo, por lo cual es programada la intervención de un equipo scoop para realizar la limpieza del mismo, por indicación del supervisor técnico, el operario bombero y su ayudante suben a la cuchara del equipo scoop y proceden a maniobrar el tecle a efectos de levantar la bomba que se encontraba sumergida en el lodo.
58;RAURA;15/11/2015;SÍ;NO;SÍ;NO;EAP;0;6;"En circunstancias que el señor Técnico de Perforación y Voladura aperturó el candado de un casillero antiguo designado a su persona por un compañero, encontró dentro del mismo una mochila de transporte de explosivos con 6 unidades de gelatina 75% 1.1/8x8 y 141 m de pentacord; todo en condiciones activas para su uso."
59;RAURA;16/11/2015;SÍ;NO;SÍ;NO;EAP;1;5;En circunstancias que ocurrió corte general de energía eléctrica, al revisar el tendido del cable eléctrico por técnicos de EISUR, se encontró que el cable de media tensión había sido dañado por uno de los clavos de 5 pulgadas que el personal de Arbemin utilizó para el hermetizado del ventilador, generando corte circuito.
60;RAURA;19/11/2015;SÍ;NO;SÍ;NO;EAP;2;5;En circunstancias que el trabajador se desplazaba por el BP 652, súbitamente siente un contacto en la cabeza y espalda debido a la proyección de partículas de roca (detritus de perforación) a consecuencia  de la onda expansiva generada por la voladura del Cx 683  que se propagó por el taladro del sondaje diamantino de 2” de diametro, haciendo que el trabajador pierda el equilibrio y sufra caída al mismo nivel.
61;RAURA;19/11/2015;SÍ;NO;SÍ;NO;EAP;2;6;En circunstancias que el perforista y su ayudante realizaban la instalacion de  split set y malla electrosoldada con una máquina perforadora jack leg de la corona se desprende 03 bloques de roca, uno de los bloques  con dimensiones 80x30x15 cms cae al piso y al inclinarse roza la pierna izquierda del ayudante perforista.
62;RAURA;25/11/2015;SÍ;NO;SÍ;NO;EAP;0;6;En circunstancias que el inspector de seguridad- AESA al observar que el personal que labora en el nivel 380 no salían a la hora de disparo (6:00 am), ingresa a verificar encontrando que los trabajadores (supervisor técnico, perforista, ayudante perforista, jumbero y ayudante jumbero) habían chispeado a las 6:12 a.m. la galería 709, el inspector les advierte el disparo fuera del horario, haciendo caso omiso  el supervisor técnico ordena el chispeo de la ventana 684 siendo las 6:15 a.m.
63;RAURA;2/12/2015;SÍ;NO;SÍ;NO;EAP;0;6;"En circunstancias que el Jefe de Logística de Raura se transportaba hacia Oyon, a la altura del Km. 5.7 (zona Condorsenca) en una curva cerrada y en sentido contrario, se encuentra con una camioneta de placa ADG-831 conducido por el Sr. Estela Atanacio Raúl Aurelio de la empresa Securitas S.A.C. que conducía a excesiva velocidad; el conductor y el ocupante del asiento posterior no usaban el cinturón de seguridad al momento de ser intervenido por el Jefe de Logística."
64;RAURA;15/12/2015;SÍ;NO;SÍ;NO;EAP;1;6;"En circunstancias que 02 buses con placas C6F-961(bus N° 01) y D7V- 936 (bus N° 02) de la empresa Estrella Polar trasladaban al personal que retornaba de días libres desde Lima con dirección a la Unidad Raura, al pasar el badén Pacchotingo, repentinamente 01 volquete retrocede invadiendo el carril del bus; en ese momento el bus N° 01 esquiva y gira hacia la izquierda para evitar la colisión con el volquete, impactando lateralmente contra un semitrailer que se trasladaba en dirección contraria, deteniéndose a 25 m; el bus N° 02 que se trasladaba en la misma dirección Lima- Raura impacta contra la parte derecha de la cabina del volquete."
65;RAURA;18/12/2015;SÍ;NO;SÍ;NO;EAP;4;5;En circunstancias que el Ing. Dionisio Moreno Castillo (Jefe de guardia mina – Cia. Raura) inspeccionaba el tajeo 658 (focalizaba su atención hacia el lado izquierdo de la labor), al concluir la actividad gira hacia la derecha a efectos de retirarse, pisa el desnivel no identificado y como consecuencia de ello cae golpeándose el abdomen contra la cresta del talud, deslizándose 4.5 m sobre el talud del relleno.
66;RAURA;26/12/2015;SÍ;NO;SÍ;NO;EAP;0;6;En circunstancias que el Inspector de Seguridad de Compañía Minera Raura supervisaba los trabajos en el Bypass 723 del Nv. 150 encontró el frente perforado dejado por la guardia de turno día, al verificar la perforación de los taladros identifica el taladro ayuda de arranque perforado en un taco de la voladura anterior, además de residuo de tubo de choque (manguera) de una longitud de 5 cm a una profundidad de 0.8 metros.
67;RAURA;7/01/2016;SÍ;NO;SÍ;NO;EAP;0;6;En circunstancias que el supervisor de seguridad y salud de Raura realizaba la verificación de los trabajos en el área de logística, identificó a los señores Dany Ventocilla Ricalde (oficial) y Manuel Dávila Ayala (peón) de la empresa contratista Conasa quienes se encontraban realizando trabajos en altura con el arnés en el cuerpo pero sin anclarse en la línea de vida, con el riesgo de caída desde una altura de 4 m.
68;RAURA;5/02/2016;SÍ;NO;NO;SÍ;EAP;0;6;En circunstancia que el trabajador Coronel Acuña Nelson (Perforista) ingresa a la cámara (CA) 725 del Nv. 150 a retirar sus discos de barreno y maquina perforadora, observa el frente cargado con el explosivo y cordon detonante el cual no fue iniciado, y a 2 metros, observa la mecha lenta (accesorio de voladura) quemada. El trabajador procedió a retirarse de la labor y reportó al Sr. Eliseo Marcas (líder de labor) sobre la condición fuera de estándar. Se procedió a bloquear el área.
69;RAURA;8/02/2016;SÍ;NO;SÍ;NO;EAP;0;5;"El capataz de la Compañía Minera Raura, Sr. Víctor Dávila Alminagorta, coordinó con los técnicos electricistas de la empresa EISUR, Juan Ruíz Apumayta y Jaime Mescua Capcha, retirar un cable eléctrico que se encontraba suelto. Los técnicos electricistas procedieron a realizar el corte del cable eléctrico trifásico en el empalme del mismo; el cable estaba conectado a una fuente de 220 V (monofásico).
Utilizaron un arco de sierra dieléctrico para cortarlo y como consecuencia de ello se originó un corto circuito. Las actividades del personal EISUR fueron paralizadas."
70;RAURA;16/03/2016;SÍ;NO;SÍ;NO;EAP;0;6;En circunstancias que el Microbus Volkswagen Modelo Crafter, año de fabricación 2014 con placa C8C-954 de la empresa Estrella Polar SAC con 16 personas a bordo conducido por el Sr. Elías Carrillo Vargas se desplazaba por la vía asfaltada Oyon-Churin con dirección a Lima a 200 m. del puente Michimachay sufre la  rotura de los espárragos y las 02 llantas posteriores lado izquierdo salen de su posición, logrando detenerse luego de avanzar 30 m.
71;RAURA;6/06/2016;SÍ;NO;NO;SÍ;EAP;0;5;"
En circunstancias que el camión volquete 205 levantaba la tolva para iniciar la descarga en la cancha de mineral, súbitamente la tolva se recuesta al lado izquierdo y cae al suelo, debido a una falla en el sistema de izamiento o levante de la tolva. Al momento del accidente, el conductor del camión volquete se encontraba solo en la cabina; no había personas en el área de peligro.
"
72;RAURA;2/07/2016;SÍ;NO;NO;SÍ;EAP;0;5;En la vía pública Churín–Raura en circunstancias que el Camión cama baja de Placa AEN-875 transitaba transportando un equipo escareador de 7´ de diámetro para la empresa TUMI,  el conductor pierde el control del vehículo, invade el carril contrario eimpacta contrael talud del cerro. Al momento del accidente el conductor viajaba solo, el conductor al sentir el impacto realiza una maniobra hacia el lado derecho y logro ubicar el vehículo en el carril correcto. El conductor no sufrió lesiones, pero la cabina del camión sufrió daños menores.
73;RAURA;9/07/2016;SÍ;NO;SÍ;NO;EAP;0;5;En circunstancias que el cargador frontal 966C retrocedía cargado de material agregado para el mantenimiento de vías externas, el neumático posterior derecho impactó contra la parte delantera de un vehículo station wagon (particular) que ingresó a la zona de trabajo sin autorización y sin respetar al vigía asignado al área. Dicho vehículo se dirigía de Oyón a Raura trasladando 05 pasajeros. La persona que trabajaba como vigía estaba en una zona segura de la vía y no había personas en la zona de trabajo ni en la trayectoria del cargador frontal.
74;RAURA;11/09/2016;SÍ;NO;NO;SÍ;EAP;0;5;"En circunstancias que la camioneta pick up 4x4 ( Placa D1E-870) de propiedad de SANDVIK, se traslada desde la ciudad de Oyon hacia la UM Raura, en la carretera o vía publica a 2.5 Km de la Garita Santa Rosa, el chofer pierde el control del vehículo, invade el carril contrario, efectúa una maniobra para retornar a su carril, ingresa a la cuneta y colisiona contra el talud del cerro, al momento del evento el conductor y copiloto ( viajaban solos ) hacían uso del cinturón de seguridad y en dicho instante no transitaba en sentido contrario ni en su misma dirección vehículo alguno.
Este evento no causo lesiones solo daños moderados en la camioneta."
75;RAURA;29/09/2016;SÍ;NO;NO;SÍ;EAP;0;6;"En circunstancias que un ómnibus de la empresa Estrella Polar con 38 trabajadores a bordo se dirigía de Lima con destino a la UM Raura, luego de haberse aperturado el pase en la carretera, estando próximo al Puente Tingo (aprox. a 2 Km. antes) el conductor del ómnibus al observar un montículo de rocas que invadía su carril derecho, realiza la maniobra de virar al carril contrario para sobrepasar dicho obstáculo; en ese momento el ómnibus se encuentra con un camión particular y ambos colisionan frontalmente, este evento no ocasiono lesiones solo daños en el ómnibus. Al momento del evento el conductor del ómnibus hacia uso de su cinturón de seguridad y el ómnibus contaba con una camioneta escolta que lo precedía."
76;RAURA;10/10/2016;SÍ;NO;SÍ;NO;EAP;0;6;Una camioneta escolta (doble cabina 4x4) que antecedia a dos buses y dos minivans de transporte de personal que se dirigían de Lima a Raura, en la via publica Sayan-Churin , en la apertura de la vías, al termino del bloqueo por los trabajos del dia, en un tramo de descenso, el chofer de ka camioneta escolta se encontro con una fila de vehículos que subían haciendo uso de ambos lados de la via, al observar que un bus tercero invadia su carril y se dirigía hacia el, advierte del peligro con señales luminosas y sonoras al bus tercero, este bus tercero sobre-para y retorna a su carril, pero impacta el lado izquierdo de la camioneta escolta, lo que produjo daños moderados en la puerta posterior izquierda de la camioneta. Este evento no causo lesiones, al momento del accidente el conductor de la camioneta viajaba acompañado de un copiloto en la primera fila de la cabina de la camioneta, ambos hacían uso del cinturón de seguridad.
77;RAURA;13/10/2016;SÍ;NO;SÍ;NO;EAP;0;5;"Dos trabajadores de la cuadrilla de voladura de la Empresa AESA realizaron el regado y desatado de rocas en un frente de despues del disparo de la labor, no retiraron el remamente de explosivos, el cual se encontraba expuesto en la carga acumulada del disparo de la labor; al concluir dicha actividad se dirigen a otra labor.
Instantes despues el Inspector de Seguridad – Cia. Raura detecto el remanente de explosivos en la labor indicada, aislo el area e informo de ello a la cuadrilla de voladura de AESA."
78;RAURA;6/11/2016;SÍ;NO;SÍ;NO;EAP;3;5;Cuando un ayudante y operador de minicargador procedían a descargar/trasegar un aditivo liquido de un cilindro hacia el tanque del equipo lanzador de shotcrete (Robot), el cilindro que se encontraba a 2.0 m del suelo sobre la cuchara del minicargador cae, impacta sobre el equipo lanzador, resbala e impacta ligeramente a un mecánico que se encontraba realizando -a nivel del suelo- trabajos de mantenimiento del equipo lanzador de shotcrete. El cilindro y el aditivo líquido que cayó tenían 54 kg. de peso.
79;RAURA;14/11/2016;SÍ;NO;NO;NO;EAP;1;5;En circunstancias que el camión cisterna de agua, perteneciente a una empresa comunal SAN ANTONIO, asignado al regadío con agua de las vías externas de la comunidad de Quichas, cuando transitaba en una vía no asfaltada, sus llantas ingresan a un desnivel y el camión se volteó a un lado de la vía, quedando recostado. Al momento del accidente, solo viajaba el conductor quien hacía uso del cinturón de seguridad. El conductor salió del vehículo por sus propios medios, sufriendo policontusiones menores e informando a su empresa.
80;RAURA;29/12/2016;SÍ;NO;NO;SÍ;EAP;1;6;"Cuando el personal de seguridad patrimonial (LIDERMAN) realizaba su ronda nocturna en el campamento Andrea, (alojamiento del personal femenino de la empresa ADECCO), al escuchar bulla en una habitación, detecta dentro de ella a un
grupo de 4 trabajadores del área de limpieza (1 varón y 3 damas todos de la empresa ADECCO), con síntomas de haber ingerido alcohol. Al efectuarse las pruebas de alcohol en el centro médico de la Unidad Minera, los cuatro dieron positivos, una de las damas presentó síntomas de intoxicación alcohólica y sufrió una descompensación (fue atendida por el personal médico y horas después dada de alta). El personal había estado bebiendo una mezcla de gaseosa y alcohol gel (alcohol gel usado para la desinfección de manos – no apto para el consumo humano)."
81;RAURA;22/01/2017;SÍ;NO;SÍ;NO;EAP;0;6;En el Nivel 380, cuando un trabajador (AESA) salía caminando del tajo 709 en dirección de la rampa 663, se percata del exceso de polvo en la intersección de la VN 684SW y el SN 670 EE, deteniéndose y observando que en la intersección se había desprendido una masa de roca (dimensiones 5.0 x 6.0 x 1.5 m de peso aproximado 90 ton). La masa de roca se desprendió de la parte superior de la intersección, la misma que se encontraba sostenido con malla y split set de 7 pies y reforzado con shotcrete de espesor 2”, en circunstancias que ocurrio este evento no había personas ni equipos en el área de caída de la roca, este evento no causo lesiones personales ni daños a los equipos. 
82;RAURA;31/01/2017;SÍ;NO;SÍ;NO;EAP;0;5;En circunstancias que una camioneta Pick Up doble cabina de la empresa Tecnomin Data SRL (Visitantes Técnicos a la UM Raura) con dos personas a bordo se dirigían de la UM Raura hacia Oyon, el conductor pierde el control de la camioneta, sube sobre la berma de seguridad, se voltea y queda recostada sobre su lado de derecho en la via.
83;RAURA;8/05/2017;SÍ;NO;NO;SÍ;EAP;0;6;Subitamente de la parte alta del cerro se desprende y cae una roca de 1.10 m. x 0.79m. x 0.58m (Peso aprox 500 Kg.), la cual impacto en una habitación del albergue principal, ocasionando daños al techo y a los muebles de la habitación #6. Este evento no causo lesiones. La roca rodo 60 m. desde el lugar donde la empresa OBRAINSA contratada por la municipalidad de CAJATAMBO se encontraba efectuando trabajos de nivelación de la via con un motoniveladora y un rodillo compactador. Al momento de ocurrido el accidente no había personas en la habitación #6, pero en la habitación contigua (Cocina) se encontraban trabajando dos personas de la empresa a cargo de la alimentación del albergue.
84;RAURA;22/05/2017;SÍ;NO;SÍ;NO;EAP;4;6;"Tres trabajadores de AESA fueron designados a apoyar en la limpieza de la poza de sedimentación, cuando dos de ellos se encontraban en la esquina del lado derecho de la poza observan que el SCOOP CAT N°04 de AESA salía de la poza, con el lampón lleno de lama, ambos se retiran del lugar y se dirigen hacia el refugio. El tercer trabajador de AESA se encontraba en el refugio llenado el IPERC. Uno de los trabajadores de AESA llega al refugio para firmar el IPERC, luego el tercero sale del refugio con dirección a la poza a buscar al otro trabajador para que firme el IPERC, cuando este último estaba firmando el IPERC en medio de la vía no se percatan que el SCOOP venía en dirección a ellos, lo cual es observado por el trabajador ubicado en el refugio; quien desesperadamente advierte del peligro a sus compañeros y realiza señales de luces con su lámpara para que el operador detenga la marcha del SCOPP, segundos después el operador paro el equipo pero el lampón del SCOPP impacto a los dos trabajadores.
Los trabajadores estaban con sus implementos de seguridad y ropa reflectiva."
85;RAURA;9/07/2017;SÍ;NO;NO;SÍ;EAP;3;5;En circunstancias en que un mecánico de la empresa MULTIJEEVAL inspeccionaba la llanta interna (Posición N°7 de la llanta del camión) del tercer eje del lado derecho de un camión volquete que recién había arribado al area, debido a la salida de una parte de la cámara (protuberancia-globo) por un orificio/corte de la llanta, la misma que fue detectado por el operador del camión al interior de la mina, la cámara explota, generando un flujo de aire intenso, el cual sale por el orificio/corte de la zona lateral de la llanta, proyectando polvo y partículas, las mismas que ingresaron a ambos ojos del trabajador.
86;RAURA;15/10/2017;SÍ;NO;NO;SÍ;EAP;1;6;"En circunstancias que la VAN con dos personas a bordo (personal y vehículo de la empresa NTI Group) arribo a la Central Hidroeléctrica de Cashaucro con la finalidad de coordinar unos trabajos de cortes eléctricos en las comunidades aledañas para los trabajos de mejora en la electrificación, el conductor salió positivo en la prueba de alcohol test desarrollado en la garita de control de acceso.
El conductor condujo la VAN bajo la influencia de alcohol desde Oyón -Lugar donde había pernoctado- hasta la Central Hidroelectrica de Cashaucro, este evento no causo lesiones ni daños.
El conductor confirmo la ingesta de alcohol la noche anterior."
87;RAURA;29/10/2017;SÍ;NO;NO;SÍ;EAP;0;5;En circunstancias que un camión volquete (cargado de arena – 20 ton) descendía en retroceso por una rampa a fin de ingresar a descargar en la zona de acopio, el conductor pierde el control del camión, este continua descendiendo aprox. 7 m sin que el freno de pedal responda, según manifestó el conductor del camión volquete, impactando los neumáticos del lado derecho (posición 10-09 y 05-06) con en el muro de seguridad y subiendo ligeramente sobre el mismo, esto desestabilizó el camión ocasionando que se voltee sobre su lado izquierdo. Al momento del incidente viajaban el conductor y copiloto, quienes no sufrieron lesiones, ambos utilizaban cinturón de seguridad. Durante el retroceso del camión volquete no habían personas o vehículos alrededor.
88;RAURA;21/11/2017;SÍ;NO;NO;SÍ;EAP;0;5;En circunstancias que la motoniveladora (L222) Komatsu de la EMPRESA CHICON se dirigía desde la zona de parqueo de la UM Raura hacia Tinquicocha, antes de salir de la UM al llegar a la curva de acceso a la garita del area de Almacén, debido a que el freno no respondía luego de dos intentos, el operador decide bajar la cuchilla de nivelación del equipo sobre la superficie para lograr detener el equipo, luego de desplazarse aprox. 40 cm se detiene el equipo.  Al momento de incidente la motoniveladora viajaba a una velocidad muy baja, asimismo contaba con un vehículo escolta que lo antecedia como ploteo y el operador tenía puesto el cinturón de seguridad.  Durante el incidente no circulaba personal por el camino peatonal, ni vehículos por el lugar. 
89;RAURA;22/11/2017;SÍ;NO;NO;SÍ;EAP;1;5;La excavadora (CAT 329DL) de la empresa CONSTRUCTORA MENESES SRL se encontraba trabajando en una plataforma al pie de un talud, cuando el operador retrocede el equipo en dirección al muro de seguridad (muro que delimitaba la plataforma con la zona de carguío), el muro y la plataforma ceden ocasionando la inestabilidad y volteo del equipo.  El equipo quedo volteado sobre un lado de la oruga izquierda en posición de 90 grados.  Este evento no ocasiono lesiones, al momento del accidente, el operador usaba cinturón de seguridad y no había otras personas ni equipos en el área del accidente. 
90;RAURA;19/01/2018;SÍ;NO;SÍ;NO;EAP;0;5;"El camión cisterna (AHQ-711) de la empresa INVERFAEL (empresa a cargo del servicio de control de polvo mediante el riego de agua de la vía de acceso a la UM Raura ), al transitar en la zona del poblado de Quichas, se encontró en una curva con unos vehículos que venía en sentido contrario, al retroceder para dar pase a los vehículos colisiono contra la camioneta doble cabina 4x4 de la empresa SECURITAS (empresa que realiza el ploteo del convoy de camiones semitráiler que transportan concentrado de mineral).
Este evento solo causó daños materiales en la camioneta de SECURITAS, no hubo lesiones, al momento del accidente, en la camioneta de SECURITAS, viajaba el conductor con 02 pasajeros.
El conductor del camión cisterna no acredito la posesión de la licencia de conducir del MTC."
91;RAURA;21/04/2018;SÍ;NO;NO;SÍ;EAP;4;5;"Cuando el ayudante Clifor Yaranga y su compañero Juan Valerio (accidentado) cargaban los taladros con explosivo del lado derecho del frente del tajo, Clifor se encontraba sobre una escalera portátil y el accidentado recogiendo cartuchos de explosivos del piso; súbitamente se desprende unos trozos de roca del mismo frente, cayendo de una altura de 2.50 metros.  "
92;RAURA;7/09/2018;SÍ;NO;SÍ;SÍ;EAP;0;5;
93;RAURA;19/09/2018;SÍ;NO;SÍ;SÍ;EAP;0;5;
94;RAURA;28/09/2018;SÍ;NO;SÍ;SÍ;EAP;0;5;
95;RAURA;14/10/2018;SÍ;NO;NO;SÍ;EAP;0;6;
96;RAURA;2/11/2018;SÍ;NO;NO;SÍ;EAP;0;5;
97;RAURA;30/11/2018;SÍ;NO;NO;SÍ;EAP;0;5;
98;RAURA;11/12/2018;SÍ;NO;NO;SÍ;EAP;2;5;
99;RAURA;30/12/2018;SÍ;NO;NO;SÍ;EAP;4;5;
100;RAURA;28/01/2019;SÍ;NO;SÍ;SÍ;EAP;0;6;"En circunstancias que la supervisión de la empresa Eva Minerals desarrollaba -a la intemperie- una reunión de seguridad con su personal (4 trabajadores)  previo al inicio de los trabajos en el túnel Santa Ana; se escucha un ruido por el desplazamiento de bancos de roca en el talud, los mismo que cayeron próxima al área donde estaban reunidos los trabajadores. Los trabajadores al escuchar el ruido se refugiaron inmediatamente en el túnel Santa Ana, ninguno de ellos sufrió lesiones."
101;RAURA;25/02/2019;SÍ;NO;SÍ;SÍ;EAP;0;6;"En circunstancias que la camioneta de placa AVR-772, se trasladaba por la vía auxiliar hacia campamento Catuva; observa la vía obstaculizada por una roca que momentos antes cayo del talud. La roca se desprendió del talud desde una altura de 46m aproximadamente, las dimensiones de la roca fueron 1m x 0.60m x 0.80m (1 tonelada). Este evento no causo lesiones ni daños materiales."
102;RAURA;7/03/2019;SÍ;SÍ;SÍ;SÍ;EAP;0;5;"Cuando el cargador frontal CAT 966H de la empresa RAURA realizaba la actividad de alimentación de mineral a la tolva de gruesos; según manifiesta el operador - al momento de retroceder el cargador frontal, no se percata de la presencia del camión cisterna de combustible de la empresa MMG que estaba estacionado en la parte baja de la plataforma cancha de gruesos e impactando contra el lado posterior derecho del camión cisterna, dañando la porta manguera. Al momento del evento el camión cisterna esperaba para realizar el abastecimiento de combustible al cargador frontal, ambos operadores hacían uso del cinturón de seguridad. Este evento no causo lesiones, el ayudante del operador del camiom cisterna que momentos previos del accidente había bajado del cisterna y se encontraba a mas de 10 m del lugar del accidente"
103;RAURA;12/03/2019;SÍ;SÍ;SÍ;SÍ;EAP;0;6;"Siendo las 18:53 horas, se reporta que 6 bancos de roca bloquean la vía a Catuva (a 50mde la bocamina Gayco), causado por la meteorización del macizo rocoso, esto causo el bloqueo de la vía y alerto a los usuarios, por el riesgo de aplastamiento. Cabe resaltar que los 06 bloques de rocas se desprenden del talud a una distancia aproximada de 38m. (Roca nº 1, tamaño: 1.1mx0.9mx0.7m); (Roca nº2, tamaño: 0.9mx70x66 cm3); (Roca nº3, tamaño: 1mx0.6mx0.4m); (Roca nº 4, tamaño: 1mx0.6mx0.6m); (Roca nº 5, tamaño: 0.6mx0.7mx0.7m); (Roca nº 6: 1mx0.4mx0.5m) ademas se tuvo tormenta electrica en horas de la tarde."
104;RAURA;12/05/2019;SÍ;SÍ;SÍ;SÍ;EAP;0;5;"En circunstancias que el operador del puente grúa realizaba el izaje y traslado de una bolsa de bolas con un peso de 1 TM (bolas 2 pulgadas) en el área de la sección chancado, en ese momento se produce la rotura del cable de izaje y caída de la pasteca con la bolsa de bolas desde una altura de 2.5m, impactando sobre la plataforma de la chancadora Terciaria 5100C. Al momento del evento se encontraba aislada las zonas adyacentes de izaje; el personal operador cuenta con la autorización de riesgos crítico (izaje de carga). La capacidad del sistema de izaje es de 10 TM y el mando de izaje es remoto"
105;RAURA;10/07/2019;SÍ;SÍ;SÍ;SÍ;EAP;4;V;"En circunstancias que el supervisor técnico de Compañía Minera Raura, se encontraba revisando el direccionamiento de la perforación de los taladros largos del Simba 33, repentinamente se desprende un bloque de mineral de la corona de la labor (0.20m x 0.30m x 0.15m - aprox. 31 Kg), desde una altura aproximada de 2.0 m. En su trayectoria de caída, el bloque impacta en la malla electrosoldada de sostenimiento que se encontraba colgada, luego roza lateralmente el casco del trabajador haciéndole perder el equilibrio y finalmente golpea su pierna derecha, ocasionándole la lesión indicada.
Cabe resaltar que el supervisor técnico al momento del evento llevaba sus botas con puntera de acero."
106;RAURA;28/07/2019;SÍ;SÍ;SÍ;SÍ;EAP;4;V;"Dos técnicos soldadores de EKA Mining se encontraban en una plataforma de trabajo intentando recuperar material metálico para la habilitación de soportes metálicos. Según la información del testigo, súbitamente cede un extremo de la baranda de la plataforma; el trabajador queda colgado de la baranda y segundos después se suelta desde una altura de 1.8m sobre un montículo de carga de mineral que había en el piso. "
107;RAURA;2/09/2019;SÍ;SÍ;SÍ;SÍ;EAP;0;V;En circunstancias que el conductor de la camioneta pick up 4x4 doble cabina (AZF-881) escoltaba un camión plataforma, al transitar por la curva, la camioneta se sale de la vía, cayendo a un desnivel y generando la volcadura del vehículo (360°). Este evento no causo lesiones, la camioneta contaba con jaula interna de protección contra volcaduras, al momento del accidente el conductor viajaba solo y hacia uso del cinturón de seguridad. 
108;RAURA;26/12/2019;SÍ;SÍ;SÍ;SÍ;EAP;0;V;"En circunstancias que el conductor del camión de transporte de concentrado vacío AHK-858 / C6K974, se presenta en la Garita de Control de acceso a la UM Raura (Santa Rosa) programado para la carga y despacho de concentrado; durante el proceso de control de alcohol resulta positivo (+). El conductor de vehículo deja el vehículo en el estacionamiento de Garita y se retira del área. El conductor la noche anterior había pernoctado en Oyon. "
